<?xml version="1.0"?>
<!--<!DOCTYPE metadata SYSTEM "http://www.esri.com/metadata/esriprof80.dtd">-->
<metadata xml:lang="en"><Esri><CreaDate>20080314</CreaDate><CreaTime>14403600</CreaTime><SyncOnce>TRUE</SyncOnce><MetaID>{3EA967C7-7C78-4DFF-8939-BC3DCB1383DE}</MetaID><DataProperties><lineage><Process ToolSource="C:\Program Files\ArcGIS\ArcToolbox\Toolboxes\Data Management Tools.tbx\DefineProjection" Date="20120913" Time="135518">DefineProjection "New data\Streams" PROJCS['SLD-Kandawala',GEOGCS['GCS_Everest_1830_SriLanka',DATUM['D_Everest_1830_SriLanka',SPHEROID['Everest_1830_SriLanka',6377276.345,300.80169999]],PRIMEM['Greenwich',0.0],UNIT['Degree',0.0174532925199433]],PROJECTION['Transverse_Mercator'],PARAMETER['False_Easting',200000.0],PARAMETER['False_Northing',200000.0],PARAMETER['Central_Meridian',80.77171111111112],PARAMETER['Scale_Factor',0.9999238418],PARAMETER['Latitude_Of_Origin',7.0004802778],UNIT['Meter',1.0]] "New data\Streams"</Process></lineage></DataProperties></Esri><idinfo><citation><citeinfo><onlink Sync="TRUE">\\GIS20\D$\dsl250new-2007\data-copy\streams</onlink></citeinfo></citation></idinfo><distInfo><distributor><distorTran><onLineSrc><linkage Sync="TRUE">file://\\GIS20\D$\dsl250new-2007\data-copy\streams</linkage><protocol Sync="TRUE">Local Area Network</protocol></onLineSrc></distorTran></distributor></distInfo><dataqual><lineage><procstep><procdesc Sync="TRUE">Dataset copied.</procdesc><srcused Sync="TRUE">d:\dsl250new-2007\streams</srcused><date Sync="TRUE">20080314</date><time Sync="TRUE">14403600</time></procstep></lineage></dataqual></metadata>
